system,order,num_pips,num_flat_exponents,jit,run
A3B2C,5,1827,15504,1.2242075679823756,0.0004228912992402
A4B2,6,1810,54264,1.8586516450159247,0.0012449159205425
A4BC,5,1053,15504,1.3200507130241022,0.0004230470396578
A4BCD,4,1105,12650,1.3945777129847556,0.0003423609002493
A5B2C,5,3060,237336,5.999842407996766,0.0214060760999564
A5B2C,6,12925,1344904,29.33948679198511,0.121221725550713
A5B2C,7,52210,6724520,139.677318331087,0.6240224398800638
A5BC,5,1332,65780,2.301452314015478,0.0015957935294136
A6B2C,6,14483,5245786,137.4553837539861,0.5025760968704708
