system,order,num_pips,num_flat_exponents,jit,run
A3B2C,5,1827,15504,1.4855782180093229,0.0004188972990959
A4B2,6,1810,54264,1.9052221341989932,0.001276716501452
A4BC,5,1053,15504,1.3594898488372564,0.0004202269297093
A4BCD,4,1105,12650,1.4572596941143274,0.0004110641730949
A5B2C,5,3060,237336,7.463120655622333,0.013594834501855
A5B2C,6,12925,1344904,37.12127094017342,0.0898029929166659
A5B2C,7,52210,6724520,180.6348838461563,0.5047843032004312
A5BC,5,1332,65780,2.482441572006792,0.001917760297656
A6B2C,6,14483,5245786,178.3192720869556,0.4196817378280684
