system,order,num_pips,num_flat_exponents,jit,run
A3B2C,5,1827,15504,0.7884694635868073,0.0002189677488058
A4B2,6,1810,54264,1.0403391318395734,0.0006900407560169
A4BC,5,1053,15504,0.7757348837330937,0.0002265959978103
A4BCD,4,1105,12650,0.8352496130391955,0.0001674938295036
A5B2C,5,3060,237336,3.578263884410262,0.0084995837416499
A5B2C,6,12925,1344904,17.80437788274139,0.0775955208949744
A5B2C,7,52210,6724520,82.41425702255219,0.4062674544099718
A5BC,5,1332,65780,1.3102951794862747,0.0008327227644622
A6B2C,6,14483,5245786,81.58067150507122,0.3398675747867674
