system,order,num_pips,num_flat_exponents,jit,run
A6B2C,7,63511,32224114,1125.375469436869,1.981816524346359
