system,order,num_pips,jit,run
A5B2C,5,3060,3.5255321143195038,0.0003598064696416
A5B2C,6,12925,15.322563855908813,0.0020080220559611
A5B2C,7,52210,61.90784067008644,0.0087043974129483
A6B2C,6,14483,61.3460949040018,0.010292629445903
