system,order,num_pips,num_flat_exponents,jit,run
A3B2C,5,1827,15504,0.6153826339868829,0.0001404562499374
A4B2,6,1810,54264,0.6649485990055837,0.0004540921497391
A4BC,5,1053,15504,0.4899975759908557,0.0001403397199464
A4BCD,4,1105,12650,0.5245783020509407,0.0001299125899095
A5B2C,5,3060,237336,2.2678827079944317,0.0057610832597129
A5B2C,6,12925,1344904,11.085321781982202,0.0411511011200491
A5B2C,7,52210,6724520,52.66009903099621,0.2127498985902639
A5BC,5,1332,65780,0.8329090129700489,0.0006827607296872
A6B2C,6,14483,5245786,51.24050714500481,0.1742987425497267
